font_size_ratio,is_bold,word_count,is_all_caps,is_title_case,x_position_norm,y_position_norm,block_width_norm,block_height,space_above,"pdf_file=VALUE(MID(A1,5,LEN(A1)-4))",page_num,text_preview,label
1.315067167,1,2,0,1,0.119046489,0.124000147,0.088519005,20.42899323,104.3944855,file06.pdf,0,Dune 3D,Body_Text
0.999999908,0,15,0,0,0.119046489,0.169077997,0.746784448,15.53456116,37.95059204,file06.pdf,0,"Dune 3D is a parametric 3D CAD application that supports STEP import/export, fil",Body_Text
1.09589238,1,1,0,1,0.119046489,0.613848482,0.096078613,17.02423096,374.4478302,file06.pdf,0,Motivation,H1
0.999999908,0,49,0,0,0.119046489,0.650980612,0.761903588,64.31152344,31.26116943,file06.pdf,0,So why another open‑source 3D CAD application when FreeCAD and Solvespace exist?,Body_Text
0.999999908,0,46,0,0,0.118332547,0.735330111,0.765806885,48.05249023,71.01300049,file06.pdf,0,"While FreeCAD technically does everything I need, the way it’s implemented isn’t",Body_Text
0.999999908,0,26,0,0,0.119046489,0.800368231,0.761884927,31.79351807,54.75494385,file06.pdf,0,"Solvespace on the other hand gets the workflow part right, but falls short by no",Body_Text
0.999999908,0,1,0,0,0.871838482,0.902373331,0.009108006,15.5345459,85.8770752,file06.pdf,0,1,Body_Text
0.999999908,0,37,0,0,0.118386299,0.128180731,0.762545219,31.79356384,-651.7850189,file06.pdf,1,"Having solved the similar problem for PCB CAD by developing Horizon EDA, I began",Body_Text
0.981250085,0,191,0,0,0.150109189,0.175273585,0.733699886,226.9015656,39.64700317,file06.pdf,1,"• Geometry kernel to do extrusions, intersections, chamfers, etc.: While it’s no",Body_Text
0.999999908,0,27,0,0,0.118332547,0.454115213,0.765825033,31.7935791,234.7539825,file06.pdf,1,"With all of the building blocks available, I set out to glue them together to fo",Body_Text
1.09589238,1,3,0,0,0.119046489,0.517350096,0.112948613,17.02420044,53.23681641,file06.pdf,1,How to build,H1
0.999999908,0,4,0,0,0.119046489,0.553389467,0.199276448,15.53457642,30.34118652,file06.pdf,1,See the build instructions.,Body_Text
1.09589238,1,3,0,0,0.119046489,0.597311884,0.097805788,17.02423096,36.97784424,file06.pdf,1,How to use,H1
0.999999908,0,14,0,0,0.119046489,0.633351255,0.629241332,15.5345459,30.34118652,file06.pdf,1,"Similar to Horizon EDA, all tools and actions are available from the spacebar me",Body_Text
0.999999908,0,10,0,0,0.119046489,0.658672844,0.427618878,15.5345459,21.31799316,file06.pdf,1,Use the “set workplane” tool to set a group’s workplane.,Body_Text
0.999999908,0,5,0,0,0.118552606,0.683993273,0.265964374,15.5345459,21.3170166,file06.pdf,1,Also check out the documentation.,Body_Text
1.09589238,1,2,0,0,0.119046489,0.727915618,0.193743805,17.02423096,36.9777832,file06.pdf,1,Anticipated questions,H1
0.999999908,1,6,0,0,0.119046489,0.763954989,0.23070602,15.5345459,30.34118652,file06.pdf,1,Where do I find sample files?,Body_Text
0.999999908,0,4,0,0,0.119046489,0.798723184,0.210803385,15.5345459,29.27099609,file06.pdf,1,See the samples repository.,Body_Text
0.753426011,0,51,0,0,0.12828248,0.822325923,0.755013217,34.8805542,19.87091064,file06.pdf,1,1I ended up directly using solvespace’s solver instead of the suggested wrapper ,Body_Text
0.999999908,0,1,0,0,0.871838482,0.902373331,0.009108006,15.5345459,67.39111328,file06.pdf,1,2,Body_Text
0.999999908,1,5,0,0,0.119046489,0.128180731,0.197499264,15.53456116,-651.7850189,file06.pdf,2,Does it run on Windows?,Body_Text
0.999999908,0,10,0,0,0.119046489,0.164040525,0.420911348,15.53456116,30.19000244,file06.pdf,2,See the build instructions for how to build on Windows.,Body_Text
0.999999908,1,5,0,0,0.119046489,0.210919583,0.18115251,15.53456116,39.4670105,file06.pdf,2,Does it run on macOS?,Body_Text
0.999999908,0,10,0,0,0.119046489,0.246778181,0.405810715,15.53456116,30.18899536,file06.pdf,2,See the build instructions for how to build on macOS.,Body_Text
0.999999908,1,7,0,0,0.119046489,0.293658398,0.307840107,15.53456116,39.46798706,file06.pdf,2,Why not integrate it into Horizon EDA?,Body_Text
0.999999908,0,29,0,0,0.118552606,0.329517014,0.762398291,31.79354858,30.18901062,file06.pdf,2,There’s no place in Horizon EDA where a 3D CAD would make sense to implement. Al,Body_Text
0.999999908,1,6,0,0,0.119046489,0.395709734,0.334009616,15.53457642,55.72698975,file06.pdf,2,Why not improve Solvespace or FreeCAD?,Body_Text
0.999999908,0,39,0,0,0.119046489,0.431568331,0.761885132,48.05258179,30.18899536,file06.pdf,2,Making FreeCAD parametric in 3D or putting Open CASCADE into Solvespace seemed t,Body_Text
0.999999908,0,1,0,0,0.871838482,0.902373331,0.009108006,15.5345459,396.3660278,file06.pdf,2,3,Body_Text
1.602409475,0,4,0,0,0.155948689,0.09101517,0.233991311,45.03909302,72.08401489,file03.pdf,0,Ontario’s Libraries Working Together,Body_Text
3.216867227,0,25,0,0,0.147098529,0.197621143,0.66565723,45.40071106,84.43193054,file03.pdf,0,RFP: RRFP: RRFP: RRFP: Request fquest fquest fquest for Prr Prr Prr Proposalopos,Body_Text
2.409638303,0,14,0,0,0.215360454,0.313636356,0.572321773,81.98400879,91.88404846,file03.pdf,0,To Present a Proposal for Developing the Business Plan for the Ontario Digital L,Body_Text
2.012048075,0,3,0,1,0.389282027,0.432403796,0.230643229,22.36465454,94.06381226,file03.pdf,0,"March 21, 2003",Body_Text
0.9999999,0,40,0,0,0.149779525,0.876596085,0.734749738,41.72241211,351.800293,file03.pdf,0,"The Ontario Digital Library will make Ontario a better place to study, work and ",Body_Text
2.012048075,0,3,0,0,0.147125169,0.111863656,0.375825146,28.23635864,-605.6680832,file03.pdf,1,Ontario’s Digital Library,H1
1.602409475,0,11,0,0,0.147125169,0.15191425,0.645255968,36.1653595,31.72006989,file03.pdf,1,A Critical Component for Implementing Ontario’s Road Map to Prosperity Strategy,H1
1.204819152,0,1,0,1,0.156929091,0.247121194,0.102451,16.9079895,75.40390015,file03.pdf,1,Summary,H2
1.108433616,1,70,0,0,0.156929091,0.288596972,0.701411104,62.95005798,32.84881592,file03.pdf,1,The purpose of this Request for Proposal (RFP) is to invite firms and/or consult,Body_Text
1.108433616,0,86,0,0,0.215754914,0.383733306,0.642349717,126.0547791,75.34797668,file03.pdf,1,"how the ODL will be implemented, including the timeline the financial plan for t",Body_Text
1.108433616,0,19,0,0,0.156929041,0.559313919,0.701259663,24.91729736,139.059845,file03.pdf,1,This business plan must be completed and approved by the ODL Steering Committee ,Body_Text
1.108433616,0,1,0,1,0.156929103,0.60642909,0.074305354,12.32064819,37.31521606,file03.pdf,1,Timeline:,H3
1.049913829,1,31,0,0,0.156929103,0.637486005,0.701293808,25.08056641,24.59707642,file03.pdf,1,Those firms/consultants intended to submit a proposal to this RFP must indicate ,Body_Text
1.084337234,1,40,0,0,0.15692752,0.684653928,0.696472916,50.24017334,37.35699463,file03.pdf,1,"Proposals may be e-mailed, mailed, couriered or faxed to: Larry Moore (lmoore@ac",Body_Text
1.108433616,1,47,0,0,0.15692752,0.763742389,0.701337677,50.23205566,62.63806152,file03.pdf,1,Those proposals that are short-listed will be invited to discuss their proposal ,Body_Text
1.108433616,1,23,0,0,0.156927545,0.842667242,0.701415243,25.03875732,62.50848389,file03.pdf,1,"Contracts with the firm/consultant will be signed the week of May 5, 2003 with t",Body_Text
0.831325212,1,12,0,0,0.147125169,0.922954367,0.71014711,12.68103027,63.58740234,file03.pdf,1,RFP: To Develop the Ontario Digital Library Business Plan March 2003 2,Body_Text
1.108433616,0,25,0,0,0.156929091,0.091172748,0.701405718,24.91725159,-658.7710419,file03.pdf,2,Please note that we reserve the right not to select any of the submitted proposa,Body_Text
1.079173722,1,81,0,0,0.156893013,0.138287881,0.701184092,75.56349182,37.31518555,file03.pdf,2,"If you require further information or have any questions, please contact Michael",Body_Text
1.204819152,0,1,0,1,0.156929091,0.260303016,0.127523559,16.9079895,96.63598633,file03.pdf,2,Background,H2
1.108433616,0,50,0,0,0.147125169,0.301930302,0.711093554,50.23194885,32.96881104,file03.pdf,2,"First, some background on the ODL. For the last two years the Ontario Library As",Body_Text
1.108433616,0,82,0,0,0.147125169,0.380855059,0.711190093,75.54675293,62.50840759,file03.pdf,2,Libraries that serve very different clientele recognize that by working together,Body_Text
1.108433616,0,94,0,0,0.147125169,0.491896311,0.711252026,88.1434021,87.94467163,file03.pdf,2,We are moving into a period of convergence. With convergence we no longer have t,Body_Text
1.108433616,0,100,0,0,0.147125169,0.618689065,0.708531772,88.26486206,100.4198608,file03.pdf,2,"The concept of an ODL is a key element in The Roadmap to Prosperity, a strategic",Body_Text
1.108433616,0,33,0,0,0.147125194,0.746555136,0.666489894,37.63537598,101.269928,file03.pdf,2,Libraries have long been a key delivery point for public services. The ODL will ,Body_Text
1.108433616,0,29,0,0,0.147125194,0.810341729,0.70620942,25.03881836,50.51898193,file03.pdf,2,"Libraries have a long tradition of using a practical, consultative approach to s",Body_Text
1.108433616,0,41,0,0,0.147125194,0.858376936,0.702815286,37.51397705,38.04388428,file03.pdf,2,Jurisdiction-wide digital libraries are very practical and very real. The ODL we,Body_Text
0.831325212,1,12,0,0,0.147125169,0.922954367,0.71014711,12.68103027,51.14532471,file03.pdf,2,RFP: To Develop the Ontario Digital Library Business Plan March 2003 3,Body_Text
1.108433616,0,149,0,0,0.147112317,0.091061236,0.704625809,151.369278,-658.8593597,file03.pdf,3,was incorporated in 1997 as a province-wide library consortium. TAL works collab,Body_Text
1.108433616,0,79,0,0,0.147112317,0.298604657,0.711096433,75.54670715,164.3743896,file03.pdf,3,The ODL will be a partnership-based organization providing seamless electronic i,Body_Text
1.108433616,0,10,0,0,0.147112317,0.409645851,0.42137237,12.32064819,87.94462585,file03.pdf,3,The principles which will define and guide the ODL are:,Body_Text
1.108433616,1,5,0,0,0.147112317,0.440702804,0.285429076,12.32064819,24.59710693,file03.pdf,3,Equitable access for all Ontarians:,H3
1.108433616,0,14,0,0,0.17651624,0.471913116,0.681487364,24.91729736,24.71856689,file03.pdf,3,"We will bring consistent, high-quality electronic resources and services to 10 m",Body_Text
1.108433616,0,17,0,0,0.17651624,0.518874929,0.681274339,25.03872681,37.1937561,file03.pdf,3,We will eliminate barriers to the access to information and create more consiste,Body_Text
1.108433616,1,4,0,0,0.147112317,0.565990063,0.364482219,12.32064819,37.31518555,file03.pdf,3,Shared decision-making and accountability:,H3
1.108433616,0,14,0,0,0.17651624,0.597200374,0.681671467,24.91729736,24.71856689,file03.pdf,3,We will facilitate consensus among members regarding ODL’s portfolio of electron,Body_Text
1.108433616,0,20,0,0,0.17651624,0.644162188,0.681676154,25.03875732,37.1937561,file03.pdf,3,We will balance the interests and realities of small and large as well as rich a,Body_Text
1.108433616,1,3,0,0,0.147112317,0.691277321,0.249419306,12.32067871,37.31518555,file03.pdf,3,Shared governance structure:,H3
1.108433616,0,12,0,0,0.17651624,0.722487633,0.534451578,12.32067871,24.71856689,file03.pdf,3,We will share decision-making in order to enable the people we serve.,Body_Text
1.108433616,0,12,0,0,0.17651624,0.753544663,0.533759248,12.32067871,24.59716797,file03.pdf,3,We will work based on an underlying assumption of trust and synergy.,Body_Text
1.108433616,1,2,0,0,0.147112317,0.784601616,0.136821984,12.32067871,24.59710693,file03.pdf,3,Shared funding:,H3
1.108433616,1,22,0,0,0.17651624,0.815811928,0.681752847,24.91729736,24.71856689,file03.pdf,3,"We will leverage provincial, institutional, and local dollars to realize economi",Body_Text
1.108433616,0,28,0,0,0.176516265,0.862927061,0.681741552,24.91729736,37.31518555,file03.pdf,3,We will be willing to pool talents and dollars in order to provide common servic,Body_Text
0.831325212,1,12,0,0,0.147125169,0.922954367,0.71014711,12.68103027,47.54162598,file03.pdf,3,RFP: To Develop the Ontario Digital Library Business Plan March 2003 4,Body_Text
1.108433616,1,4,0,0,0.147058337,0.09104721,0.1788498,12.32069397,-658.8704681,file03.pdf,4,Local points of entry:,H3
1.108433616,0,30,0,0,0.186275594,0.123024237,0.63341309,37.6353302,25.32580566,file03.pdf,4,"We will provide the licenses, infrastructure, services and support that enable l",Body_Text
1.108433616,0,6,0,0,0.147058337,0.186810908,0.325654659,12.32063293,50.51904297,file03.pdf,4,Services envisioned for the ODL’s include:,Body_Text
1.108433616,1,1,0,1,0.147058337,0.218787858,0.073917501,12.32063293,25.32574463,file03.pdf,4,Access:,H3
1.108433616,0,24,0,0,0.176462261,0.234846038,0.533338459,50.23207092,12.71807861,file03.pdf,4,"to the “deep” web (i.e. Commercial, purchased electronic services) to credible w",Body_Text
1.108433616,1,3,0,0,0.147058337,0.314690966,0.193970263,12.32063293,63.23718262,file03.pdf,4,Guidance and Advice:,H3
1.108433616,1,23,0,0,0.147058337,0.330595768,0.590986252,50.23202515,12.59660339,file03.pdf,4,"to support e-learning to support citizens, in real-time, as they try to use elec",Body_Text
1.108433616,0,7,0,0,0.176462261,0.394521848,0.173041051,24.91729736,50.62945557,file03.pdf,4,for library workers for the general public,Body_Text
1.108433616,1,4,0,1,0.147058337,0.442403658,0.306583716,12.32064819,37.9223938,file03.pdf,4,Provincial Purchasing & Licensing:,H3
1.108433616,0,11,0,0,0.176462261,0.458308519,0.518311644,12.32064819,12.59664917,file03.pdf,4,of electronic content on a consortia basis for all member libraries,Body_Text
1.108433616,1,2,0,1,0.147058337,0.490285469,0.205686794,12.32064819,25.32574463,file03.pdf,4,Technological Support:,H3
1.108433616,0,29,0,0,0.176462261,0.506343649,0.673371907,37.51394653,12.71807861,file03.pdf,4,of common standards for the preservation and archiving local digital content of ,Body_Text
1.108433616,0,6,0,0,0.14705835,0.588613915,0.294490216,15.5553894,65.15805054,file03.pdf,4,What could the ODL really mean?,H3
1.108433616,1,7,0,0,0.147058325,0.623448497,0.320782281,12.32064819,27.58898926,file03.pdf,4,For each Ontario citizen it could mean:,H3
1.108433616,0,72,0,0,0.264710071,0.639659997,0.593266207,113.4581299,12.83950806,file03.pdf,4,One local point of entry to access seamless electronic library services and reso,Body_Text
1.108433616,1,7,0,0,0.147058337,0.798262471,0.329621595,12.32067871,125.6131592,file03.pdf,4,For each Ontario student it could mean:,H3
1.108433616,0,28,0,0,0.264710096,0.814473932,0.564030691,50.23205566,12.83947754,file03.pdf,4,"One local point of entry to quality, curriculum- based electronic information re",Body_Text
0.831325212,1,12,0,0,0.147125169,0.922954367,0.71014711,12.68103027,85.91650391,file03.pdf,4,RFP: To Develop the Ontario Digital Library Business Plan March 2003 5,Body_Text
1.108433616,0,22,0,0,0.26477158,0.091172748,0.562704174,24.91725159,-658.7710419,file03.pdf,5,"Confidence that the services and resources people are using are credible, availa",Body_Text
1.108433616,1,7,0,0,0.147119821,0.138901238,0.319754096,12.32063293,37.80096436,file03.pdf,5,For each Ontario library it could mean:,H3
1.108433616,0,57,0,0,0.26477158,0.155112777,0.591789121,88.14332581,12.83953857,file03.pdf,5,One point of entry for themselves and their clientele to quality electronic reso,Body_Text
1.108433616,1,7,0,0,0.147119796,0.282672169,0.352675806,12.32063293,101.0270386,file03.pdf,5,For the Ontario government it could mean:,H3
1.108433616,0,82,0,0,0.26477158,0.298730349,0.586730982,113.5795135,12.71807861,file03.pdf,5,"A point of entry to information services and resources for all Ontario citizens,",Body_Text
1.108433616,0,40,0,0,0.147119821,0.458406044,0.711367676,37.63537598,126.46315,file03.pdf,5,ODL will be an incorporated non-profit organization governed by a Board of Direc,Body_Text
1.108433616,0,19,0,0,0.147137848,0.521579396,0.710940255,24.91729736,50.03329468,file03.pdf,5,"More information regarding the envisioned phasing, funding and resources require",Body_Text
1.204819152,0,6,0,0,0.156929091,0.579696964,0.356284422,16.90802002,46.02911377,file03.pdf,5,The Business Plan to be Developed,H2
1.108433616,0,60,0,0,0.147125169,0.635869575,0.704504948,62.82867432,44.4887085,file03.pdf,5,The business plan which needs to be developed for the ODL must be a formal busin,Body_Text
1.108433616,0,6,0,0,0.147125169,0.730099919,0.337217817,12.32067871,74.63043213,file03.pdf,5,"Specifically, the business plan must include:",Body_Text
1.108433616,0,78,0,0,0.213401321,0.762076869,0.644711089,113.4580688,25.32574463,file03.pdf,5,"how the ODL will be implemented, including the timeline the financial plan for t",Body_Text
0.831325212,1,12,0,0,0.147125169,0.922954367,0.71014711,12.68103027,127.414978,file03.pdf,5,RFP: To Develop the Ontario Digital Library Business Plan March 2003 6,Body_Text
1.108433616,0,16,0,0,0.215753094,0.091172748,0.440921459,24.91725159,-658.7710419,file03.pdf,6,the marketing and communications plan for the ODL the commitment of all stakehol,Body_Text
1.108433616,0,35,0,0,0.147131926,0.13905452,0.695599226,37.6353302,37.92236328,file03.pdf,6,The process of developing this business plan must be extremely consultative to e,Body_Text
1.108433616,0,74,0,0,0.147131926,0.202994472,0.699536891,75.54664612,50.64044189,file03.pdf,6,"The business plan for the ODL must address significant issues. There are, for ex",Body_Text
1.204819152,0,1,0,1,0.156929091,0.3410606,0.115135293,16.90802002,109.3483734,file03.pdf,6,Milestones,H3
1.108433616,0,10,0,0,0.176536934,0.382536339,0.430475547,12.32064819,32.8487854,file03.pdf,6,1) A preliminary report will be issued during June 2003.,Body_Text
1.108433616,0,35,0,0,0.176536934,0.413593292,0.681726069,37.63537598,24.59710693,file03.pdf,6,"2) It is expected that an Interim Report, suitable for distribution to the broad",Body_Text
1.108433616,0,20,0,0,0.176536934,0.476766644,0.681788201,24.91729736,50.03329468,file03.pdf,6,3) The business plan must be completed and approved by the ODL Steering Committe,Body_Text
1.204819152,0,5,0,0,0.162615358,0.534848454,0.470007753,16.90802002,46.00079346,file03.pdf,6,Approach and Specific Proposal Requirements,H2
1.108433616,0,58,0,0,0.147125144,0.576475741,0.711011899,62.82867432,32.96881104,file03.pdf,6,The firm/consultant (or proposed team of consultants) will be expected to work c,Body_Text
1.108433616,0,7,0,0,0.147125144,0.671458851,0.411649218,12.32067871,75.22662354,file03.pdf,6,The proposal should include the following information:,Body_Text
1.108433616,0,85,0,0,0.176529068,0.702515804,0.675864089,126.1761475,24.59710693,file03.pdf,6,a) name of the firm/consultant b) names of those individuals who will be engaged,Body_Text
0.831325212,1,12,0,0,0.147125169,0.922954367,0.71014711,12.68103027,174.5873413,file03.pdf,6,RFP: To Develop the Ontario Digital Library Business Plan March 2003 7,Body_Text
1.204819152,0,5,0,0,0.156929091,0.102272747,0.374086293,16.90799713,-649.9798431,file03.pdf,7,Evaluation and Awarding of Contract,H2
1.108433616,0,49,0,0,0.147125169,0.155112161,0.708860086,37.6353302,41.84881592,file03.pdf,7,The contract will be awarded to the bidder whose submission offers the best valu,Body_Text
1.108433616,0,11,0,0,0.147125169,0.218132115,0.601200453,12.32063293,49.9118042,file03.pdf,7,"Specifically, proposals will be evaluated proposals according to the following c",Body_Text
1.108433616,0,32,0,0,0.205951042,0.265400607,0.637243757,63.43580627,37.43664551,file03.pdf,7,Quality of the proposal /approach outlined for undertaking the business planning,Body_Text
1.108433616,0,14,0,0,0.147125169,0.361902988,0.584840588,25.03872681,76.42988586,file03.pdf,7,Questions regarding this RFP should be directed by e-mail only to Michael Ridley,Body_Text
1.108433616,0,19,0,0,0.147125169,0.409924209,0.709379283,24.91729736,38.0328064,file03.pdf,7,Bidders are asked not to contact any other member of the ODL Catalyst Team or th,Body_Text
0.831325212,1,12,0,0,0.147125169,0.922954367,0.71014711,12.68103027,406.3198853,file03.pdf,7,RFP: To Develop the Ontario Digital Library Business Plan March 2003 8,Body_Text
1.204819152,0,7,0,0,0.147125169,0.135757543,0.479613884,16.90799713,-623.4598846,file03.pdf,8,Appendix A:  ODL Envisioned Phases & Funding,H2
0.9999999,1,4,0,1,0.147124995,0.176497334,0.211363524,11.11535645,32.26591492,file03.pdf,8,Phase I:  Business Planning,H3
0.9999999,1,18,0,0,0.147124995,0.205585056,0.703766118,22.63916016,23.03747559,file03.pdf,8,"Timeline: March 2003 – September 2003 Funding Requested: ~$100,000 jointly funde",Body_Text
0.9999999,1,5,0,0,0.147125007,0.249072065,0.223139757,11.11535645,34.44171143,file03.pdf,8,Result: The ODL business plan,Body_Text
0.9999999,0,51,0,0,0.147124995,0.278310679,0.696322422,34.1628418,23.15698242,file03.pdf,8,The first phase will be to build the ODL business plan. This plan will clearly d,Body_Text
0.9999999,0,55,0,0,0.147124995,0.336347869,0.707737293,45.68649292,45.9654541,file03.pdf,8,"Given the number and diversity of stakeholders involved, the business planning p",Body_Text
0.9999999,1,5,0,0,0.147124995,0.423334372,0.307970633,11.11535645,68.89331055,file03.pdf,8,Phase II: Implementing and Transitioning,H3
0.9999999,1,42,0,0,0.147124995,0.452422094,0.692634483,45.56695557,23.03747559,file03.pdf,8,Timeline: April 2004 – December 2006 Funding Requested: Funding from other state,Body_Text
0.9999999,1,7,0,0,0.147124995,0.525009309,0.328782524,11.11535645,57.48907471,file03.pdf,8,Result: The ODL is implemented and validated,Body_Text
0.9999999,0,77,0,0,0.147124995,0.554247962,0.710398007,57.09069824,23.15701294,file03.pdf,8,The second phase will be to implement the ODL based on the business plan. This p,Body_Text
0.9999999,0,122,0,0,0.14712497,0.641385319,0.710470536,91.66186523,69.01278687,file03.pdf,8,The seed money requested will allow libraries to realign their budgets and servi,Body_Text
0.9999999,1,7,0,0,0.147124982,0.771871393,0.314417035,11.11535645,103.3449707,file03.pdf,8,Phase III: Operating and Growing the ODL,H3
0.9999999,1,13,0,0,0.14712497,0.800959115,0.492647134,22.63916016,23.03747559,file03.pdf,8,Timeline: January 2007 -Funding: $50 Million annually ($35 Million requested fro,Body_Text
0.9999999,1,8,0,0,0.147124982,0.844446124,0.363548092,11.11541748,34.44171143,file03.pdf,8,Result: The ODL is fully operational and sustainable,Body_Text
0.9999999,0,33,0,0,0.147141276,0.873684739,0.700422125,22.63909912,23.15698242,file03.pdf,8,In the third phase the ODL moves into the operational stage. Ontarians will expe,Body_Text
0.831325212,1,12,0,0,0.147125169,0.922954367,0.71014711,12.68103027,39.02154541,file03.pdf,8,RFP: To Develop the Ontario Digital Library Business Plan March 2003 9,Body_Text
0.9999999,0,19,0,0,0.147125169,0.091194683,0.705885619,22.63910675,-658.7536697,file03.pdf,9,capabilities. The challenge is to secure resources sufficient to both sustain th,Body_Text
0.9999999,0,69,0,0,0.147125169,0.134681692,0.700090072,57.21033478,34.44171143,file03.pdf,9,The ongoing funding of the ODL will be based on a partnership model involving al,Body_Text
0.9999999,0,83,0,0,0.147125169,0.215003043,0.706071218,68.61450195,63.61450958,file03.pdf,9,"The proposed funding model requires a continuing government investment, but also",Body_Text
0.9999999,0,13,0,0,0.176533207,0.309723748,0.482577866,11.11535645,75.01879883,file03.pdf,9,1. that ODL expenditures will increase by 50% over a 10 year period,Body_Text
0.9999999,0,15,0,0,0.176533207,0.33169363,0.596826354,11.11535645,17.40014648,file03.pdf,9,2. that government funding will decrease from 70% to 45% during that 10 year per,Body_Text
0.9999999,0,18,0,0,0.176533207,0.353814404,0.663400999,22.6390686,17.51965332,file03.pdf,9,"3. that library contributions, endowment and gifts/in-kind funding will increase",Body_Text
0.9999999,1,5,1,0,0.40164222,0.404884531,0.2895531,11.11535645,40.44754028,file03.pdf,9,OVERVIEW OF ODL FUNDING MODEL,Body_Text
1.034136442,1,28,0,0,0.186929079,0.434469705,0.590494555,73.44876099,23.43145752,file03.pdf,9,Funding Source 2007 2017 Government $35M (70%) $33.75M (45%) Libraries $10M (20%,Body_Text
0.9999999,0,41,0,0,0.14713801,0.557415009,0.702476551,34.16278076,97.37268066,file03.pdf,9,While the private sector will be invited to participate in the ODL through the e,Body_Text
0.9999999,1,88,0,0,0.14713801,0.615603013,0.708061268,68.6144104,46.0848999,file03.pdf,9,A $50M budget leverages the consortium buying power of the province’s libraries ,Body_Text
0.9999999,1,74,0,0,0.147138035,0.717139658,0.705088672,57.21020508,80.41702271,file03.pdf,9,It is important to recognize that every new dollar per citizen invested in the O,Body_Text
0.862306277,1,15,0,0,0.147125169,0.922954367,0.709356744,12.92407227,163.005249,file03.pdf,9,RFP: To Develop the Ontario Digital Library Business Plan March 2003 10101010,Body_Text
1.204819152,0,8,0,0,0.156929091,0.116818149,0.623900395,16.90799713,-638.4598846,file03.pdf,10,Appendix B: ODL Steering Committee Terms of Reference,H2
0.9999999,1,2,0,1,0.147125169,0.172709455,0.091553906,11.11535645,44.26591492,file03.pdf,10,1. Preamble,H3
0.9999999,0,51,0,0,0.156531839,0.20194807,0.696013008,45.5670166,23.15698242,file03.pdf,10,Implementation of the Ontario Digital Library (ODL) requires a detailed business,Body_Text
0.9999999,1,4,0,0,0.147125219,0.27438447,0.166489919,11.11535645,57.36962891,file03.pdf,10,2. Terms of Reference,H3
0.9999999,0,30,0,0,0.156531889,0.303472191,0.670098049,34.1628418,23.03747559,file03.pdf,10,"In broad terms, the ODL Business Plan Steering Committee is responsible for deve",Body_Text
0.9999999,0,139,0,0,0.156531889,0.361660273,0.700702293,183.6125183,46.08496094,file03.pdf,10,2.1 developing a detailed business plan for the three-year implementation phase ,Body_Text
0.9999999,1,2,0,1,0.147108938,0.608396549,0.113714854,11.11535645,195.4151306,file03.pdf,10,3. Membership,H3
0.9999999,0,21,0,0,0.156515608,0.63748431,0.681639802,22.63903809,23.0375061,file03.pdf,10,"Each of the four sectors, Schools, Colleges, Universities, and Public Libraries ",Body_Text
0.9999999,0,2,0,1,0.156515608,0.681122134,0.089412141,11.11535645,34.56115723,file03.pdf,10,3.1 Schools:,Body_Text
0.9999999,0,32,0,0,0.156515583,0.695672238,0.684828814,45.5670166,11.52368164,file03.pdf,10,#NAME?,Body_Text
0.9999999,0,14,0,0,0.156515583,0.753571096,0.497788473,22.75860596,45.855896,file03.pdf,10,- Ontario Council of University Libraries (OCUL) (OCUL to name) 3.3 Colleges:,Body_Text
0.9999999,0,18,0,0,0.156499376,0.782671379,0.66798725,22.63903809,23.04742432,file03.pdf,10,"- Bibliocentre, and Heads of Libraries and Learning Resources (UAG and HLLR to n",Body_Text
0.9999999,0,47,0,0,0.205908769,0.811771663,0.645967882,45.56695557,23.04742432,file03.pdf,10,#NAME?,Body_Text
0.862306277,1,15,0,0,0.147125169,0.922954367,0.709356744,12.92407227,88.05670166,file03.pdf,10,RFP: To Develop the Ontario Digital Library Business Plan March 2003 11111111,Body_Text
0.9999999,0,13,0,0,0.156567817,0.09108055,0.646618837,11.11542511,-658.8440628,file03.pdf,11,3.5 Ontario Library Association representative (ex-officio)  (OLA to appoint one,Body_Text
0.9999999,0,40,0,0,0.20599349,0.1057817,0.640623267,34.04328156,11.64331055,file03.pdf,11,#NAME?,Body_Text
0.9999999,0,28,0,0,0.156584073,0.163818822,0.630962721,22.63909912,45.9654007,file03.pdf,11,"3.6 It is anticipated that as planning for the ODL evolves, the Steering Committ",Body_Text
0.9999999,1,5,0,0,0.147177403,0.207305831,0.284855861,11.11535645,34.44171143,file03.pdf,11,4. Appointment Criteria and Process,H3
0.9999999,0,21,0,0,0.156584073,0.237160654,0.700857948,23.11712646,23.64501953,file03.pdf,11,4.1 Groups and organizations named in Section 3 above are responsible for appoin,Body_Text
0.9999999,0,8,0,0,0.156600354,0.282621981,0.503702251,11.11535645,36.00537109,file03.pdf,11,4.2 Desired characteristics for steering committee appointees include:,Body_Text
1.025602306,0,62,0,0,0.176536934,0.311759987,0.649796953,100.8580933,23.07730103,file03.pdf,11,• Strategic thinkers; • Committed to the concept of multi-sector partnerships; •,Body_Text
0.9999999,1,2,0,1,0.147124995,0.454073126,0.072364583,11.11535645,112.7120056,file03.pdf,11,5. Term,H3
0.9999999,0,29,0,0,0.156531664,0.483311778,0.647679323,22.51956177,23.15701294,file03.pdf,11,Expected term on the Steering Committee is the time required to complete develop,Body_Text
0.9999999,1,2,0,1,0.147124995,0.526647857,0.073541255,11.11535645,34.32217407,file03.pdf,11,6. Chair,H3
0.9999999,0,12,0,0,0.156531664,0.555886509,0.517640332,11.11535645,23.15701294,file03.pdf,11,Chair will be appointed by the Board of the Ontario Library Association.,Body_Text
0.9999999,0,4,0,0,0.156531664,0.587703165,0.124153287,11.11535645,25.1987915,file03.pdf,11,Role of the Chair:,Body_Text
0.9999999,0,62,0,0,0.156531664,0.616790887,0.685867384,45.68649292,23.03747559,file03.pdf,11,In addition to the characteristics for appointees (4.2) the role of the chair wi,Body_Text
0.9999999,1,2,0,1,0.147124995,0.689227249,0.101583892,11.11535645,57.36959839,file03.pdf,11,7. Meetings,H3
0.9999999,0,24,0,0,0.156531664,0.718465863,0.67437612,22.63909912,23.15698242,file03.pdf,11,It is expected that in person meetings are held once per month and the majority ,Body_Text
0.9999999,1,6,0,0,0.147124995,0.761801903,0.358668957,11.11535645,34.32214355,file03.pdf,11,8. Lines of Accountability and Communication,H3
0.9999999,0,17,0,0,0.156531664,0.791040594,0.649053461,22.63903809,23.15704346,file03.pdf,11,"8.1 The Steering Committee is accountable to the Province of Ontario, and to its",Body_Text
0.9999999,0,65,0,0,0.156531664,0.834678419,0.697137446,57.09069824,34.56115723,file03.pdf,11,8.2 The role of the Ontario Library Association is to assume responsibility for ,Body_Text
0.862306277,1,15,0,0,0.147125169,0.922954367,0.709356744,12.92407227,69.91455078,file03.pdf,11,RFP: To Develop the Ontario Digital Library Business Plan March 2003 12121212,Body_Text
0.9999999,0,44,0,0,0.156536925,0.105769986,0.692822026,45.56702423,-647.2100296,file03.pdf,12,8.3 The Steering Committee is accountable to its constituent groups and other st,Body_Text
0.9999999,1,5,0,0,0.147130256,0.178206396,0.307557274,11.11535645,57.36963654,file03.pdf,12,9. Financial and Administrative Policies,H3
0.9999999,0,32,0,0,0.156553181,0.20744501,0.688120424,45.5670166,23.15698242,file03.pdf,12,9.1 Service on the Steering Committee is non-remunerative 9.2 Travel and meeting,Body_Text
0.9999999,0,65,0,0,0.205962574,0.265494761,0.647196614,57.09069824,45.97540283,file03.pdf,12,The ODL Steering Committee will function according to standard conflict of inter,Body_Text
0.862306277,1,15,0,0,0.147125169,0.922954367,0.709356744,12.92407227,520.7080078,file03.pdf,12,RFP: To Develop the Ontario Digital Library Business Plan March 2003 13131313,Body_Text
1.204819152,0,6,0,0,0.156929091,0.116818149,0.562959135,16.90799713,-638.4598846,file03.pdf,13,Appendix C: ODL’s Envisioned Electronic Resources,H2
0.9999999,0,69,0,0,0.156928754,0.172860964,0.657896865,57.09075928,44.38591003,file03.pdf,13,The purpose of the ODL is to provide equal access to information for all Ontario,Body_Text
0.9999999,0,3,0,1,0.156928754,0.259998437,0.171619602,11.11535645,69.01287842,file03.pdf,13,1. Reference Resources,Body_Text
0.9999999,0,59,0,0,0.156928754,0.289086159,0.627714381,183.6125488,23.03747559,file03.pdf,13,#NAME?,Body_Text
0.9999999,0,3,0,1,0.156925713,0.535973366,0.126391105,11.11535645,195.534668,file03.pdf,13,2. Subject Guides,Body_Text
0.9999999,0,28,0,0,0.156925713,0.564910195,0.285072389,103.1856079,22.91796875,file03.pdf,13,#NAME?,Body_Text
0.9999999,0,3,0,0,0.156928767,0.710097342,0.159125708,11.11535645,114.9882202,file03.pdf,13,3. Educational tool-kits,Body_Text
0.9999999,0,17,0,0,0.156928742,0.739185064,0.463796254,57.09075928,23.03747559,file03.pdf,13,#NAME?,Body_Text
0.9999999,0,6,0,0,0.156932045,0.826322536,0.25414776,11.11535645,69.01287842,file03.pdf,13,"4. Journals, books, maps, music etc.",Body_Text
0.862306277,1,15,0,0,0.147125169,0.922954367,0.709356744,12.92407227,76.53240967,file03.pdf,13,RFP: To Develop the Ontario Digital Library Business Plan March 2003 14141414,Body_Text
2.544356139,1,5,0,0,0.205589382,0.047183827,0.712948531,28.00720978,37.36959076,file04.pdf,0,Parsippany -Troy Hills STEM Pathways,Body_Text
1.168492991,0,50,0,0,0.131254084,0.111987634,0.757312775,74.82408905,51.32461548,file04.pdf,0,Mission Statement:  To provide PTHSD high school students with the opportunity t,Body_Text
1.390691996,0,2,1,0,0.392448849,0.553251748,0.204183915,19.0586853,349.4811783,file04.pdf,0,PATHWAY OPTIONS,H1
1.390877315,1,2,1,0,0.191471075,0.590599214,0.204110987,15.31018066,29.57919312,file04.pdf,0,REGULAR PATHWAY,Body_Text
0.999999909,1,64,0,0,0.122192109,0.634578281,0.355911878,159.6065674,34.8314209,file04.pdf,0,●4 credits of Math●4 credits of Science●4 credits of STEM-designated electives●M,Body_Text
1.013959817,1,108,0,0,0.524141199,0.590599214,0.36301846,284.4987183,-34.8314209,file04.pdf,0,DISTINCTION PATHWAY●4 credits of Math - At least one math course should be an AP,Body_Text
1.272890493,0,1,0,1,0.074203105,0.230603863,0.059960758,17.44425964,-285.1163177,file04.pdf,0,Goals:,Body_Text
1.0455472,0,26,0,0,0.06762173,0.266374761,0.490221348,38.8311615,28.33055115,file04.pdf,0,"• Inspire keen interest in mathematics, science, engineering, andtechnology, dev",Body_Text
1.0455472,0,81,0,0,0.06483993,0.31754958,0.488320195,160.4283752,40.2298584,file04.pdf,0,• Expose students to potential career opportunities in the field.• Encourage stu,Body_Text
1.197610817,1,7,0,0,0.335899161,0.125983802,0.398875081,13.02371979,106.0783615,file01.pdf,0,Application form for grant of LTC advance,Body_Text
0.999999897,1,6,0,0,0.117680667,0.15794831,0.291462297,14.69454956,26.91411591,file01.pdf,0,1. Name of the Government Servant,Body_Text
0.999999897,1,2,0,1,0.117680667,0.179392962,0.133288664,14.75302124,18.05639648,file01.pdf,0,2. Designation,Body_Text
0.999999897,1,1,0,0,0.117680667,0.214875554,0.020340415,11.7517395,29.87634277,file01.pdf,0,3,Body_Text
0.999999897,0,6,0,0,0.161342127,0.200907057,0.336170408,11.7517395,-11.76147461,file01.pdf,0,Date of entering the Central Government,Body_Text
0.999999897,0,1,0,1,0.161342127,0.221784632,0.05669112,11.7517395,17.57891846,file01.pdf,0,Service,Body_Text
0.999999897,1,6,1,0,0.117680667,0.243298655,0.166175611,14.69454956,18.11480713,file01.pdf,0,4. PAY + SI + NPA,Body_Text
0.999999897,1,5,0,0,0.117680667,0.264743307,0.292577599,14.75302124,18.05639648,file01.pdf,0,5. Whether permanent or temporary,Body_Text
0.999999897,1,9,0,0,0.117680667,0.286338371,0.368919706,11.7517395,18.18304443,file01.pdf,0,6. Home Town as recorded in the Service Book,Body_Text
0.999999897,1,1,0,0,0.117680667,0.314773088,0.020340415,11.7517395,23.94203186,file01.pdf,0,7,Body_Text
0.999999897,0,8,0,0,0.161342127,0.300804573,0.336052287,11.75175476,-11.76148987,file01.pdf,0,Whether wife / husband is employed and if,Body_Text
0.999999897,0,5,0,0,0.161342127,0.321682167,0.196347148,11.7517395,17.57893372,file01.pdf,0,so whether entitled to LTC,Body_Text
0.999999897,1,1,0,0,0.117680667,0.36764983,0.020340415,11.7517395,38.70477295,file01.pdf,0,8,Body_Text
0.999999897,0,8,0,0,0.161342127,0.343207787,0.336049158,11.7517395,-20.5802002,file01.pdf,0,Whether the concession is to be availed for,Body_Text
0.999999897,0,9,0,0,0.161342127,0.364085363,0.336217646,11.7517395,17.57891846,file01.pdf,0,visiting home town and if so block for which,Body_Text
0.999999897,0,5,0,0,0.161342127,0.385032309,0.151347723,11.75177002,17.6373291,file01.pdf,0,LTC is to be availed.,Body_Text
0.999999897,1,1,0,0,0.117680667,0.430918931,0.020340415,11.75177002,38.63653564,file01.pdf,0,9,Body_Text
0.999999897,0,9,0,0,0.161342127,0.406476961,0.336147481,11.7517395,-20.58013916,file01.pdf,0,(a) If the concession is to visit anywhere in,Body_Text
0.999999897,0,6,0,0,0.161342127,0.427423908,0.215773869,11.75177002,17.6373291,file01.pdf,0,"India, the place to be visited.",Body_Text
0.999999897,0,7,0,0,0.161342127,0.448301483,0.244189735,11.7517395,17.57891846,file01.pdf,0,(b) Block for which to be availed.,Body_Text
0.999999897,1,1,0,0,0.117680667,0.494269074,0.030730073,11.75177002,38.70471191,file01.pdf,0,10,Body_Text
0.999999897,0,6,0,0,0.161342127,0.469827104,0.336273501,11.7517395,-20.58013916,file01.pdf,0,Single rail fare/bus fare from the,Body_Text
0.999999897,0,7,0,0,0.161342127,0.490704607,0.336150661,11.75177002,17.57885742,file01.pdf,0,headquarters to home town/place of visit by,Body_Text
0.999999897,0,2,0,0,0.161342127,0.511582182,0.110906008,11.7517395,17.57891846,file01.pdf,0,shortest route.,Body_Text
0.999999897,1,1,0,0,0.117680667,0.592175989,0.030730073,11.7517395,67.85998535,file01.pdf,0,11,Body_Text
0.999999897,0,11,0,0,0.161342127,0.533177247,0.428172136,11.7517395,-49.67694092,file01.pdf,0,Persons in respect of whom LTC is proposed to be availed.,Body_Text
0.999999897,1,8,0,1,0.161342127,0.5511384,0.693400048,60.64910889,15.12329102,file01.pdf,0,S.No Name Age Relationship 1. 2. 3. 4.,Body_Text
0.999999897,1,2,0,0,0.174165357,0.628804331,0.020340415,23.99066162,65.39471436,file01.pdf,0,5. 6.,Body_Text
0.999999897,1,6,0,0,0.117696964,0.666427866,0.421405183,17.62762451,31.67901611,file01.pdf,0,12. Amount of advance required. Rs.,Body_Text
0.999999897,0,35,0,0,0.117696913,0.708831062,0.845622292,23.45471191,35.70349121,file01.pdf,0,I declare that the particulars furnished above are true and correct to the best ,Body_Text
0.999999897,0,34,0,0,0.117713326,0.750667182,0.845592749,23.51318359,35.22601318,file01.pdf,0,In the event of cancellation of the journey or if I fail to produce the tickets ,Body_Text
0.999999897,1,1,0,1,0.117713326,0.806390758,0.043428924,11.75170898,46.91925049,file01.pdf,0,Date,Body_Text
0.999999897,1,4,0,0,0.677385808,0.820359327,0.28559755,11.75170898,11.76153564,file01.pdf,0,Signature of Government Servant.,Body_Text
2.409638303,1,1,0,1,0.412826787,0.239419224,0.185137182,26.75999451,189.6200256,file02.pdf,0,Overview,Body_Text
2.409638303,1,3,0,1,0.227689531,0.309146496,0.555572485,26.76000977,55.22399902,file02.pdf,0,Foundation Level Extensions,Body_Text
1.204819152,0,2,0,1,0.45047386,0.482866191,0.104784299,13.37997437,137.5859985,file02.pdf,0,Version 1.0,Body_Text
1.807228727,0,5,0,1,0.168856203,0.588005027,0.670058656,20.07000732,83.2699585,file02.pdf,0,International Software Testing Qualifications Board,Body_Text
0.9999999,0,18,0,0,0.115921569,0.823593679,0.67654773,22.62915039,186.5862122,file02.pdf,0,"Copyright Notice This document may be copied in its entirety, or extracts made, ",Body_Text
1.029259793,0,11,0,1,0.121607849,0.048770471,0.721019383,34.14537811,-613.6599808,file02.pdf,1,International Overview Software Testing Foundation Level Extension – Agile Teste,Body_Text
0.9999999,0,1,0,1,0.806450638,0.077861352,0.047863331,11.10540009,23.03997803,file02.pdf,1,Board,Body_Text
0.9999999,0,10,0,0,0.115921569,0.151977529,0.673698026,11.10540009,58.70001221,file02.pdf,1,Copyright © International Software Testing Qualifications Board (hereinafter cal,Body_Text
0.9999999,0,9,0,0,0.125132941,0.907428472,0.74599751,11.39422607,598.3171463,file02.pdf,1,"Version 2014 Page 2 of 12 May 31, 2014",Body_Text
0.602409576,0,6,0,1,0.125137254,0.930416685,0.23318631,6.690002441,18.20666504,file02.pdf,1,© International Software Testing Qualifications Board,Body_Text
0.9999999,0,2,0,1,0.703839869,0.077861352,0.150474199,11.10540009,-675.2238235,file02.pdf,2,Qualifications Board,Body_Text
1.034136442,0,10,0,1,0.121607849,0.048770471,0.721019383,31.61254883,-23.03997803,file02.pdf,2,International Overview Software Testing Foundation Level Extension – Agile Teste,Body_Text
1.602409475,1,2,0,1,0.115921569,0.137545711,0.21337372,17.79540253,70.30998993,file02.pdf,2,Revision History,H1
0.9999999,1,53,0,0,0.121607849,0.17606847,0.731617759,84.66539001,30.51002502,file02.pdf,2,Version Date Remarks 0.1 18 JUNE 2013 Initial version 0.2 23 JULY 2013 WG review,Body_Text
0.9999999,0,9,0,0,0.125137254,0.907433789,0.745997485,11.39422607,579.241333,file02.pdf,2,"Version 2014 Page 3 of 12 May 31, 2014",Body_Text
0.602409576,0,6,0,1,0.125137254,0.930416685,0.23318631,6.690002441,18.20245361,file02.pdf,2,© International Software Testing Qualifications Board,Body_Text
0.9999999,1,1,0,0,0.248070586,0.182735096,0.626975589,11.10539246,-592.1638184,file02.pdf,3,................................................................................,Body_Text
0.9999999,1,1,0,0,0.25708666,0.204704978,0.617959415,11.10539246,17.40014648,file02.pdf,3,................................................................................,Body_Text
0.9999999,1,1,0,0,0.527731802,0.226825753,0.347333721,11.10539246,17.51965332,file02.pdf,3,............................................................................,Body_Text
0.9999999,1,1,0,0,0.586385141,0.248946527,0.28863311,11.10539246,17.51965332,file02.pdf,3,...............................................................,Body_Text
0.9999999,0,6,0,0,0.315349454,0.271218194,0.559875937,68.63442993,17.63916016,file02.pdf,3,................................................................................,Body_Text
0.9999999,1,1,0,0,0.676594753,0.365825692,0.18946609,11.10540771,74.92913818,file02.pdf,3,.........................................,Body_Text
0.9999999,0,2,0,0,0.240031024,0.388097358,0.625753565,22.50961304,17.63916016,file02.pdf,3,................................................................................,Body_Text
0.9999999,1,1,0,0,0.239054561,0.424466451,0.626978955,11.10540771,28.80432129,file02.pdf,3,................................................................................,Body_Text
0.9999999,0,2,0,0,0.272986917,0.446738118,0.592830184,22.62911987,17.63916016,file02.pdf,3,................................................................................,Body_Text
1.029259793,0,11,0,1,0.121607849,0.048770471,0.721019383,34.14537811,-315.1903763,file02.pdf,3,International Overview Software Testing Foundation Level Extension – Agile Teste,Body_Text
0.9999999,0,1,0,1,0.806450638,0.077861352,0.047863331,11.10540009,23.03997803,file02.pdf,3,Board,Body_Text
1.602409475,1,3,0,0,0.115921569,0.137545711,0.225187264,17.79540253,47.2700119,file02.pdf,3,Table of Contents,H1
0.9999999,1,3,0,1,0.115921569,0.182735096,0.772127787,11.10539246,35.78999329,file02.pdf,3,Revision History 3,Body_Text
0.9999999,1,4,0,0,0.115921519,0.204704978,0.772127837,11.10539246,17.40014648,file02.pdf,3,Table of Contents 4,Body_Text
0.9999999,1,8,0,0,0.115921519,0.226825753,0.772127837,11.10539246,17.51965332,file02.pdf,3,1. Introduction to the Foundation Level Extensions 6,Body_Text
0.9999999,1,9,0,0,0.115921519,0.248946527,0.772127837,11.10539246,17.51965332,file02.pdf,3,2. Introduction to Foundation Level Agile Tester Extension 7,Body_Text
0.9999999,0,29,0,0,0.132196015,0.271218194,0.755869597,68.63442993,17.63916016,file02.pdf,3,2.1 Intended Audience 7 2.2 Career Paths for Testers 7 2.3 Learning Objectives 7,Body_Text
0.9999999,1,12,0,0,0.115937775,0.363964466,0.771890279,13.28665161,73.45504761,file02.pdf,3,3. Overview of the Foundation Level Extension – Agile Tester Syllabus10,Body_Text
0.9999999,0,7,0,1,0.132196115,0.388097358,0.755631939,22.50961304,19.11325073,file02.pdf,3,3.1 Business Outcomes 10 3.2 Content10,Body_Text
0.9999999,1,3,0,1,0.115921569,0.424466451,0.771906485,11.10540771,28.80432129,file02.pdf,3,4. References 12,Body_Text
0.9999999,0,9,0,0,0.132196115,0.446738118,0.755648295,22.62911987,17.63916016,file02.pdf,3,4.1 Trademarks 12 4.2 Documents and Web Sites12,Body_Text
0.9999999,0,9,0,0,0.125165553,0.907463613,0.74599751,11.39422607,364.8945923,file02.pdf,3,"Version 2014 Page 4 of 12 May 31, 2014",Body_Text
0.602409576,0,6,0,1,0.125137254,0.930416685,0.23318631,6.690002441,18.17883301,file02.pdf,3,© International Software Testing Qualifications Board,Body_Text
1.029259793,0,11,0,1,0.121607849,0.048770471,0.721019383,34.14537811,-698.2638016,file02.pdf,4,International Overview Software Testing Foundation Level Extension – Agile Teste,Body_Text
0.9999999,0,1,0,1,0.806450638,0.077861352,0.047863331,11.10540009,23.03997803,file02.pdf,4,Board,Body_Text
1.602409475,0,1,0,1,0.115921569,0.137545711,0.233323789,17.79540253,47.2700119,file02.pdf,4,Acknowledgements,H1
0.9999999,0,18,0,0,0.115921569,0.182886605,0.731208901,22.50956726,35.9099884,file02.pdf,4,This document was produced by a team from the International Software Testing Qua,Body_Text
0.9999999,0,17,0,0,0.115921569,0.226373538,0.77038649,11.10539246,34.44165039,file02.pdf,4,The Agile Extension team thanks the review team and the National Boards for thei,Body_Text
0.9999999,0,53,0,0,0.115921569,0.255461259,0.771135168,45.5868988,23.03747559,file02.pdf,4,"At the time the Foundation Level Agile Extension Syllabus was completed, the Agi",Body_Text
0.9999999,0,24,0,0,0.115921569,0.328086237,0.716664483,22.62911987,57.51898193,file02.pdf,4,"Authors: Rex Black, Anders Claesson, Gerry Coleman, Bertrand Cornanguer, Istvan ",Body_Text
0.9999999,0,41,0,0,0.115921569,0.371573207,0.749329062,45.67654419,34.44168091,file02.pdf,4,"Internal Reviewers: Mette Bruhn-Pedersen, Christopher Clements, Alessandro Colli",Body_Text
0.9999999,0,141,0,0,0.115921519,0.444160461,0.771118862,114.7193604,57.48910522,file02.pdf,4,"The team thanks also the following persons, from the National Boards and the Agi",Body_Text
0.9999999,0,18,0,0,0.115921519,0.60392295,0.74402025,22.62911987,126.5318909,file02.pdf,4,This document was formally approved for release by the General Assembly of the I,Body_Text
0.9999999,0,9,0,0,0.125132941,0.90750176,0.74599751,11.39422607,240.4344177,file02.pdf,4,"Version 2014 Page 5 of 12 May 31, 2014",Body_Text
0.602409576,0,6,0,1,0.125137254,0.930416685,0.23318631,6.690002441,18.14862061,file02.pdf,4,© International Software Testing Qualifications Board,Body_Text
0.9999999,0,2,0,1,0.703839869,0.077861352,0.150474199,11.10540009,-675.2238235,file02.pdf,5,Qualifications Board,Body_Text
1.034136442,0,10,0,1,0.121607849,0.048770471,0.721019383,31.61254883,-23.03997803,file02.pdf,5,International Overview Software Testing Foundation Level Extension – Agile Teste,Body_Text
1.602409475,1,7,0,0,0.115921569,0.155272956,0.645547954,17.7953949,84.34996796,file02.pdf,5,1. Introduction to the Foundation Level Extensions,H1
0.9999999,0,33,0,0,0.115921544,0.18470479,0.772922267,34.15287781,23.31001282,file02.pdf,5,This overview document is intended for anyone with an interest in the ISTQB Foun,Body_Text
0.9999999,0,42,0,0,0.115921544,0.24274198,0.773119035,34.15287781,45.9654541,file02.pdf,5,"From time to time, ISTQB will update this document to reflect any additional ext",Body_Text
0.9999999,0,107,0,0,0.115921544,0.300967823,0.773096197,80.12817383,46.11486816,file02.pdf,5,The ISTQB Foundation and Advanced Level syllabi have been defined and have been ,Body_Text
0.9999999,0,9,0,0,0.115921581,0.41705461,0.514030444,11.10540771,91.94073486,file02.pdf,5,The following Foundation Level Extension syllabus has been released:,Body_Text
0.9999999,0,3,0,1,0.1453459,0.430648996,0.121049769,13.28665161,10.76675415,file02.pdf,5, Agile Tester,Body_Text
0.9999999,0,62,0,0,0.11593785,0.461447051,0.773053861,57.22018433,24.39205933,file02.pdf,5,"In this document, each Foundation Level Extension syllabus is summarized and the",Body_Text
0.9999999,0,9,0,0,0.125149222,0.907483958,0.745997485,11.39422607,353.2612305,file02.pdf,5,"Version 2014 Page 6 of 12 May 31, 2014",Body_Text
0.602409576,0,6,0,1,0.125137254,0.930416685,0.23318631,6.690002441,18.16271973,file02.pdf,5,© International Software Testing Qualifications Board,Body_Text
0.9999999,0,2,0,1,0.703839869,0.077861352,0.150474199,11.10540009,-675.2238235,file02.pdf,6,Qualifications Board,Body_Text
1.034136442,0,10,0,1,0.121607849,0.048770471,0.721019383,31.61254883,-23.03997803,file02.pdf,6,International Overview Software Testing Foundation Level Extension – Agile Teste,Body_Text
1.602409475,1,8,0,0,0.115921569,0.155272956,0.738762799,17.7953949,84.34996796,file02.pdf,6,2. Introduction to Foundation Level Agile Tester Extension,H1
0.9999999,0,70,0,0,0.115921569,0.182843565,0.773117614,58.55488586,21.83592224,file02.pdf,6,The certification for Foundation Level Extension – Agile Tester is designed for ,Body_Text
1.409638403,0,3,0,1,0.115921569,0.274436604,0.241458294,15.65460205,72.54168701,file02.pdf,6,2.1 Intended Audience,H2
0.9999999,0,16,0,0,0.115921569,0.302275417,0.769141652,13.28665161,22.04833984,file02.pdf,6,The Foundation Level Extension – Agile Tester qualification is aimed at four mai,Body_Text
0.9999999,0,109,0,0,0.145329619,0.318686822,0.743714252,114.6993408,12.99783325,file02.pdf,6,1. Professionals who have achieved in-depth testing experience in traditional me,Body_Text
0.9999999,0,25,0,0,0.115954131,0.478424072,0.772902345,22.64904785,126.5119019,file02.pdf,6,"These professionals include people who are in roles such as testers, test analys",Body_Text
0.9999999,0,42,0,0,0.115970387,0.520225872,0.772721933,47.03112793,33.10702515,file02.pdf,6,This Foundation Level Extension – Agile Tester certification may also be appropr,Body_Text
1.409638403,0,5,0,0,0.115921569,0.611772479,0.301011279,15.65460205,72.50491333,file02.pdf,6,2.2 Career Paths for Testers,H2
0.9999999,0,53,0,0,0.115921569,0.641434641,0.772925333,45.55700684,23.49243164,file02.pdf,6,"Building on the Foundation Level, the Agile Tester Extension supports the defini",Body_Text
0.9999999,0,20,0,0,0.115954131,0.712198354,0.772679647,24.10321045,56.04486084,file02.pdf,6,People possessing an ISTQB Foundation Level Extension – Agile Tester certificate,Body_Text
1.409638403,0,3,0,1,0.115921569,0.774840692,0.252699459,15.65460205,49.61273193,file02.pdf,6,2.3 Learning Objectives,H2
0.9999999,0,29,0,0,0.115921569,0.804502776,0.772645589,22.62915039,23.49237061,file02.pdf,6,"In general, the Foundation Level syllabus is examinable at a K1 level, i.e., the",Body_Text
0.9999999,0,19,0,0,0.115921569,0.847989708,0.772819519,22.61920166,34.44165039,file02.pdf,6,"In addition, all Foundation Level syllabus learning objectives are examinable at",Body_Text
0.9999999,0,9,0,0,0.125132941,0.907435408,0.74599751,11.39422607,47.08099365,file02.pdf,6,"Version 2014 Page 7 of 12 May 31, 2014",Body_Text
0.602409576,0,6,0,1,0.125137254,0.930416685,0.23318631,6.690002441,18.20117188,file02.pdf,6,© International Software Testing Qualifications Board,Body_Text
0.9999999,0,2,0,1,0.703839869,0.077861352,0.150474199,11.10540009,-675.2238235,file02.pdf,7,Qualifications Board,Body_Text
1.034136442,0,10,0,1,0.121607849,0.048770471,0.721019383,31.61254883,-23.03997803,file02.pdf,7,International Overview Software Testing Foundation Level Extension – Agile Teste,Body_Text
0.9999999,0,39,0,0,0.115921544,0.13743205,0.77263574,34.15288544,70.2199707,file02.pdf,7,"That said, each extension level exam focuses on the learning objectives defined ",Body_Text
1.409638403,0,3,0,1,0.115921569,0.198224501,0.252754511,15.65460205,48.14762115,file02.pdf,7,2.4 Entry Requirements,H2
0.9999999,0,23,0,0,0.115921569,0.226025398,0.772891225,24.10322571,22.01831055,file02.pdf,7,"To be able to participate in a Foundation Level Extension – Agile Tester exam, c",Body_Text
1.409638403,0,5,0,0,0.115921569,0.274133586,0.361119389,15.65460205,38.10168457,file02.pdf,7,2.5 Structure and Course Duration,H2
0.9999999,0,19,0,0,0.115921569,0.301972399,0.77270074,24.10324097,22.04833984,file02.pdf,7,The Foundation Level Extension – Agile Tester syllabus has no shared or common e,Body_Text
0.9999999,0,12,0,0,0.115921569,0.347320634,0.500182507,11.10540771,35.915802,file02.pdf,7,The syllabi must be taught in the following minimum number of days:,Body_Text
0.9999999,1,2,0,1,0.346748377,0.380651763,0.298682094,11.10540771,26.39825439,file02.pdf,7,Syllabus Days,Body_Text
0.9999999,0,3,0,1,0.346748377,0.403530545,0.283801683,11.10540771,18.11999512,file02.pdf,7,Baseline: Foundation 3,Body_Text
0.9999999,0,4,0,1,0.346748377,0.426257817,0.283801683,11.10540771,18,file02.pdf,7,Extension: Agile Tester 2,Body_Text
0.9999999,0,18,0,0,0.115921569,0.463530569,0.772835875,22.62911987,29.52001953,file02.pdf,7,The following figure shows the structure of the Agile Tester Extension and its r,Body_Text
0.9999999,0,9,0,0,0.125137254,0.907433789,0.745997485,11.39422607,351.5713501,file02.pdf,7,"Version 2014 Page 8 of 12 May 31, 2014",Body_Text
0.602409576,0,6,0,1,0.125137254,0.930416685,0.23318631,6.690002441,18.20245361,file02.pdf,7,© International Software Testing Qualifications Board,Body_Text
0.9999999,0,2,0,1,0.703839869,0.077861352,0.150474199,11.10540009,-675.2238235,file02.pdf,8,Qualifications Board,Body_Text
1.034136442,0,10,0,1,0.121607849,0.048770471,0.721019383,31.61254883,-23.03997803,file02.pdf,8,International Overview Software Testing Foundation Level Extension – Agile Teste,Body_Text
1.409638403,0,4,0,1,0.115921569,0.169133543,0.236234553,15.65460205,95.3275528,file02.pdf,8,2.6 Keeping It Current,H2
0.9999999,0,56,0,0,0.115921569,0.198795742,0.772897608,45.67662048,23.49246216,file02.pdf,8,The software industry changes rapidly. To deal with these changes and to provide,Body_Text
0.9999999,0,9,0,0,0.125132941,0.907452362,0.74599751,11.39422607,561.2560425,file02.pdf,8,"Version 2014 Page 9 of 12 May 31, 2014",Body_Text
0.602409576,0,6,0,1,0.125137254,0.930416685,0.23318631,6.690002441,18.18774414,file02.pdf,8,© International Software Testing Qualifications Board,Body_Text
0.9999999,0,2,0,1,0.703839869,0.077861352,0.150474199,11.10540009,-675.2238235,file02.pdf,9,Qualifications Board,Body_Text
1.034136442,0,10,0,1,0.121607849,0.048770471,0.721019383,31.61254883,-23.03997803,file02.pdf,9,International Overview Software Testing Foundation Level Extension – Agile Teste,Body_Text
1.602409475,1,11,0,0,0.115921569,0.148351149,0.768129785,38.63916016,78.86789703,file02.pdf,9,3. Overview of the Foundation Level Extension – Agile TesterSyllabus,H1
1.409638403,0,3,0,1,0.115921569,0.237315361,0.253821255,15.65460205,70.45965576,file02.pdf,9,3.1 Business Outcomes,H2
0.9999999,0,21,0,0,0.115921569,0.266977561,0.772188124,23.33630371,23.49246216,file02.pdf,9,This section lists the Business Outcomes expected of a candidate who has achieve,Body_Text
0.9999999,0,4,0,0,0.115905288,0.308641029,0.16294043,13.28665161,32.99746704,file02.pdf,9,An Agile Tester can…,Body_Text
0.9999999,0,18,0,0,0.176111109,0.339591132,0.663759269,22.62542725,24.51248169,file02.pdf,9,AFM1 Collaborate in a cross-functional Agile team being familiar with principles,Body_Text
0.9999999,0,12,0,0,0.176111109,0.383227531,0.640944088,11.10540771,34.56002808,file02.pdf,9,AFM2 Adapt existing testing experience and knowledge to Agile values and princip,Body_Text
0.9999999,0,9,0,0,0.176111109,0.414742672,0.473836263,11.10540771,24.95999146,file02.pdf,9,AFM3 Support the Agile team in planning test-related activities.,Body_Text
0.9999999,0,12,0,0,0.176111109,0.44640936,0.567365659,11.10540771,25.08001709,file02.pdf,9,AFM4 Apply relevant methods and techniques for testing in an Agile project.,Body_Text
0.9999999,0,9,0,0,0.176111109,0.47807601,0.424032324,11.10540771,25.07998657,file02.pdf,9,AFM5 Assist the Agile team in test automation activities.,Body_Text
0.9999999,0,18,0,0,0.176111109,0.509767937,0.658770293,22.50540161,25.1000061,file02.pdf,9,AFM6 Assist business stakeholders in defining understandable and testable user s,Body_Text
0.9999999,0,15,0,0,0.176111109,0.553252789,0.678355647,22.62539673,34.44000244,file02.pdf,9,AFM7 Work and share information with other team members using effective communic,Body_Text
0.9999999,0,27,0,0,0.115921519,0.610330948,0.76567666,24.10321045,45.2059021,file02.pdf,9,"In general, a Certified Tester Foundation Level – Agile Tester is expected to ha",Body_Text
1.409638403,0,2,0,1,0.115921569,0.672984653,0.130787694,15.65460205,49.62173462,file02.pdf,9,3.2 Content,H2
0.9999999,0,5,0,1,0.115921569,0.702684576,0.291216109,11.10540771,23.52233887,file02.pdf,9,Chapter 1: Agile Software Development,Body_Text
0.9999999,0,117,0,0,0.145329606,0.716279001,0.743380366,143.0455322,10.76678467,file02.pdf,9, The tester should remember the basic concept of Agile software development bas,Body_Text
0.9999999,0,9,0,0,0.125132941,0.907468314,0.74599751,11.39422607,151.421936,file02.pdf,9,"Version 2014 Page 10 of 12 May 31, 2014",Body_Text
0.602409576,0,6,0,1,0.125137254,0.930416685,0.23318631,6.690002441,18.17510986,file02.pdf,9,© International Software Testing Qualifications Board,Body_Text
1.029259793,0,11,0,1,0.121607849,0.048770471,0.721019383,34.14537811,-698.2638016,file02.pdf,10,International Overview Software Testing Foundation Level Extension – Agile Teste,Body_Text
0.9999999,0,1,0,1,0.806450638,0.077861352,0.047863331,11.10540009,23.03997803,file02.pdf,10,Board,Body_Text
0.9999999,0,9,0,0,0.115921569,0.13743205,0.54805237,11.10540009,47.17999268,file02.pdf,10,"Chapter 2: Fundamental Agile Testing Principles, Practices, and Processes",Body_Text
0.9999999,0,147,0,0,0.145329606,0.151026456,0.743238948,132.3785019,10.76676941,file02.pdf,10, The tester should be able to describe the differences between testing activiti,Body_Text
0.9999999,0,8,0,0,0.115921569,0.332193009,0.420923919,11.10540771,143.4839096,file02.pdf,10,"Chapter 3: Agile Testing Methods, Techniques, and Tools",Body_Text
0.9999999,0,221,0,0,0.145329606,0.345787395,0.743470223,215.5543213,10.76675415,file02.pdf,10," The tester should be able to recall the concepts of test-driven development, a",Body_Text
0.9999999,0,9,0,0,0.125132941,0.907508773,0.74599751,11.39422607,444.8833313,file02.pdf,10,"Version 2014 Page 11 of 12 May 31, 2014",Body_Text
0.602409576,0,6,0,1,0.125137254,0.930416685,0.23318631,6.690002441,18.14306641,file02.pdf,10,© International Software Testing Qualifications Board,Body_Text
0.9999999,0,2,0,1,0.703839869,0.077861352,0.150474199,11.10540009,-675.2238235,file02.pdf,11,Qualifications Board,Body_Text
1.034136442,0,10,0,1,0.121607849,0.048770471,0.721019383,31.61254883,-23.03997803,file02.pdf,11,International Overview Software Testing Foundation Level Extension – Agile Teste,Body_Text
1.602409475,1,2,0,1,0.115921569,0.155272956,0.185078665,17.7953949,84.34996796,file02.pdf,11,4. References,H1
1.409638403,0,2,0,1,0.115921569,0.216406273,0.17256359,15.65460205,48.41758728,file02.pdf,11,4.1 Trademarks,H2
0.9999999,0,12,0,0,0.115921569,0.246068473,0.596867829,11.10539246,23.49246216,file02.pdf,11,The following registered trademarks and service marks are used in this document:,Body_Text
0.883534048,0,13,0,0,0.115921569,0.276560138,0.663560705,12.99145508,24.1493988,file02.pdf,11,ISTQB® is a registered trademark of the International Software Testing Qualifica,Body_Text
1.409638403,0,5,0,0,0.115921569,0.325080525,0.321591745,15.65460205,38.42814636,file02.pdf,11,4.2 Documents and Web Sites,H2
0.9999999,1,24,0,0,0.124745101,0.354591177,0.7257062,37.26541138,23.37243652,file02.pdf,11,Identifier Reference [ISTQB-Web] Web site of the International Software Testing ,Body_Text
0.9999999,0,9,0,0,0.125137254,0.907433789,0.745997485,11.39422607,437.8513489,file02.pdf,11,"Version 2014 Page 12 of 12 May 31, 2014",Body_Text
0.602409576,0,6,0,1,0.125137254,0.930416685,0.23318631,6.690002441,18.20245361,file02.pdf,11,© International Software Testing Qualifications Board,Body_Text
1.000003918,0,1,1,0,0.100137404,0.647601365,0.22020082,17.04187012,444.280426,file05.pdf,0,ADDRESS:,Body_Text
0.896215358,1,13,1,0,0.179082014,0.668246504,0.651047851,55.27432251,14.16339111,file05.pdf,0,"TOPJUMP 3735 PARKWAY PIGEON FORGE, TN 37863 (NEAR DIXIE STAMPEDE ON THE PARKWAY)",Body_Text
1.575118543,1,2,1,0,0.090445956,0.762829959,0.819959252,25.85968018,64.88803101,file05.pdf,0,RSVP: ----------------,Body_Text
0.581164529,0,7,1,0,0.191074091,0.810080783,0.625451003,9.895263672,32.41595459,file05.pdf,0,CLOSED TOED SHOES ARE REQUIRED FOR CLIMBING,Body_Text
1.207955426,1,27,0,0,0.102499078,0.833522078,0.838396375,63.13269043,16.08166504,file05.pdf,0,"PARENTS OR GUARDIANS NOT ATTENDING THE PARTY, PLEASE VISIT TOPJUMP.COM TO FILL O",Body_Text
1.453538621,0,1,1,0,0.287653953,0.91029636,0.436521211,32.15960693,52.67022705,file05.pdf,0,WWW.TOPJUMP.COM,Body_Text
